{
  "in_root": "/work/h2020deciderficarra_shared/TCGA/BRCA/images",
  "n_slides_requested": 100,
  "n_slides_used": 100,
  "n_patches_per_slide": 1024,
  "k_refs_requested": 20,
  "k_refs_used": 20,
  "recursive": false,
  "ref_slides": [
    "TCGA-3C-AALI-01Z-00-DX1.F6E9A5DF-D8FB-45CF-B4BD-C6B76294C291",
    "TCGA-A2-A0T5-01Z-00-DX1.128C288B-B357-439B-A8D4-8E7DEBF73E4E",
    "TCGA-3C-AALJ-01Z-00-DX1.777C0957-255A-42F0-9EEB-A3606BCF0C96",
    "TCGA-A2-A0T6-01Z-00-DX1.207A3883-5B41-40EB-95A1-D64C9610650B",
    "TCGA-3C-AALJ-01Z-00-DX2.62DFE56B-B84C-40F9-9625-FCB55767B70D",
    "TCGA-A2-A25D-01Z-00-DX1.41DADDB8-3E3F-4F8F-8BE7-C43F8FBCFD2B",
    "TCGA-A2-A0T4-01Z-00-DX1.AC61ED08-2E42-4D4A-BB81-746D3FEBB653",
    "TCGA-A2-A0EU-01Z-00-DX1.13335BEB-63D4-469B-A389-8A079A096129",
    "TCGA-A2-A1G4-01Z-00-DX1.0274DF5B-5920-419A-B778-2F04D9C602F2",
    "TCGA-A2-A0T7-01Z-00-DX1.EA4DF9B5-8D04-4BCC-9ECB-CB8CB8ACBE1C",
    "TCGA-A2-A0YD-01Z-00-DX1.B81FF541-F154-4C49-950B-B6CB723369E2",
    "TCGA-A2-A0YT-01Z-00-DX1.63CA3E36-B3E4-4D3F-9F80-2703970DBE5B",
    "TCGA-A2-A0CZ-01Z-00-DX1.A433A414-4F1B-4F99-8FD9-E64803F5E042",
    "TCGA-A2-A0SU-01Z-00-DX1.22420EE2-4FEB-42F3-9547-4739F0F73D50",
    "TCGA-A2-A0CU-01Z-00-DX1.5B77D21C-A497-478B-9752-3730322AD9ED",
    "TCGA-A1-A0SK-01Z-00-DX1.A44D70FA-4D96-43F4-9DD7-A61535786297",
    "TCGA-A2-A04W-01Z-00-DX1.F7E7B945-2ADC-4741-8FCE-ACEA657DB9C7",
    "TCGA-A2-A1FZ-01Z-00-DX1.0BAAEF41-DCA4-4677-9A27-09E990033FA6",
    "TCGA-A2-A0T1-01Z-00-DX1.CD1E9C46-18A3-466B-AA0B-24F3055FA851",
    "TCGA-A2-A0CY-01Z-00-DX1.8815F011-317B-4BB7-A48F-64EABD0E558B"
  ],
  "mu_lab": [
    180.02932739257812,
    154.0618438720703,
    116.56037521362305
  ],
  "sd_lab": [
    33.44988822937012,
    9.341942310333252,
    4.608545303344727
  ]
}